srcid,destid,Month,Month_cumsum_seatcount,Month_cumsum_searchcount
1,2,1,35.83506764,1728.524974
1,2,2,34.53310696,1205.65365
1,2,3,68.45473465,1994.599376
1,2,4,69.95430108,2254.655914
1,2,5,82.35431842,3085.978148
1,2,6,69.31989247,2361.905914
1,2,7,63.43652445,1959.349636
1,2,8,69.43288241,2707.848595
1,2,9,60.00268817,2305.564516
1,2,10,50.73361082,1933.056712
1,2,11,107.0403226,8098.586022
1,2,12,77.8251821,3407.486993
2,1,1,35.13007284,1528.277836
2,1,2,38.20882852,1367.311828
2,1,3,75.40842872,2149.162331
2,1,4,86.73387097,2817.432796
2,1,5,86.18886576,2667.637877
2,1,6,75.21505376,1951.637097
2,1,7,62.97866805,1525.228928
2,1,8,74.70343392,2816.808012
2,1,9,64.33870968,2223.27957
2,1,10,89.83090531,6817.843392
2,1,11,146.1182796,10434.3172
2,1,12,88.65764828,3905.764828
2,14,1,49.81529657,2507.580645
2,14,2,44.56989247,2001.267685
2,14,3,90.50728408,2412.952653
2,14,4,103.5806452,3121.768817
2,14,5,113.405307,2907.965661
2,14,6,90.96505376,2083.873656
2,14,7,69.73204995,1991.040583
2,14,8,94.63059313,3215.361602
2,14,9,151.3037634,8219.852151
2,14,10,125.512487,6146.516649
2,14,11,170.4623656,9759.814516
2,14,12,123.4833507,4981.129032
2,16,1,40.78563996,2540.681582
2,16,2,39.98019242,1926.771364
2,16,3,81.05619147,2901.331946
2,16,4,80.93548387,3148.36828
2,16,5,86.62851197,3090.770031
2,16,6,81.85483871,2480.126344
2,16,7,72.57544225,2398.257024
2,16,8,102.7211238,4296.784599
2,16,9,108.6263441,4943.900538
2,16,10,129.3574402,8171.706556
2,16,11,184.438172,14060.28226
2,16,12,115.9937565,5155.858481
2,19,1,190.119667,3352.611863
2,19,2,169.3661573,2548.68987
2,19,3,272.5884495,4034.586368
2,19,4,302.9677419,3897.33871
2,19,5,299.6722164,3464.786681
2,19,6,245.9005376,2899.282258
2,19,7,181.5530697,2213.405307
2,19,8,389.430281,7697.762747
2,19,9,212.3333333,3137.021505
2,19,10,403.8995838,10872.84339
2,19,11,451.327957,11161.25538
2,19,12,421.4802289,7384.094693
2,21,1,44.82049948,1839.362643
2,21,2,42.40520656,1270.288625
2,21,3,82.9942768,2135.582726
2,21,4,97.53494624,3274.666667
2,21,5,105.603538,3373.371488
2,21,6,87.2688172,2266.755376
2,21,7,73.57440166,1789.539542
2,21,8,97.40114464,3082.887617
2,21,9,115.1801075,4792.927419
2,21,10,135.8116545,7931.919875
2,21,11,180.4704301,10977.81183
2,21,12,106.3137357,4110.039022
2,24,1,46.59989594,2183.353278
2,24,2,49.85568761,1736.615733
2,24,3,96.39958377,3238.522373
2,24,4,107.7258065,4349.857527
2,24,5,103.314256,3571.83923
2,24,6,104.25,2904.021505
2,24,7,69.51612903,1970.788241
2,24,8,91.00936524,3680.473465
2,24,9,98.37096774,4101.615591
2,24,10,174.8257024,15906.82362
2,24,11,213.6774194,19891.48118
2,24,12,128.0228928,6006.761186
2,30,1,97.80228928,4206.561915
2,30,2,89.62082626,3377.029994
2,30,3,183.0260146,3755.167534
2,30,4,187.1376344,3862.055914
2,30,5,208.1768991,4154.747138
2,30,6,188.5290323,3998.073118
2,30,7,143.9958377,4032.726327
2,30,8,191.0634755,6381.388137
2,30,9,190.4989247,6769.578495
2,30,10,199.6961498,6795.436004
2,30,11,211.0193548,8457.827957
2,30,12,256.7180021,9069.667014
2,31,1,233.9687825,7281.103018
2,31,2,197.0707414,4960.572722
2,31,3,307.6212279,5034.601457
2,31,4,294.0086022,5059.533333
2,31,5,286.2247659,5353.315297
2,31,6,217.5397849,3411.567742
2,31,7,114.2684703,2081.639958
2,31,8,195.9667014,4351.298647
2,31,9,380.6924731,10487.55269
2,31,10,314.9198751,6833.5359
2,31,11,447.4258065,10758.59355
2,31,12,569.7044745,13889.05515
2,40,1,121.433923,4198.751301
2,40,2,118.270515,3572.160724
2,40,3,208.2996878,6019.80437
2,40,4,242.9333333,7410.344086
2,40,5,222.2247659,6392
2,40,6,222.6537634,5367.982796
2,40,7,140.3912591,3429.600416
2,40,8,211.7065557,7130.260146
2,40,9,193.9677419,6256.451613
2,40,10,439.8459938,29973.36733
2,40,11,518.3655914,31249.26882
2,40,12,341.5005203,12648.28512
2,47,1,85.71019771,2605.085848
2,47,2,80.02546689,1751.675156
2,47,3,139.2299688,2406.537461
2,47,4,142.25,2808.572581
2,47,5,159.9609781,3372.879813
2,47,6,139.594086,2578.126344
2,47,7,128.7382934,2229.661811
2,47,8,178.3272633,3994.438085
2,47,9,130.8198925,2967.260753
2,47,10,169.8777315,4970.319979
2,47,11,201.5376344,5606.561828
2,47,12,232.6612903,6056.378772
3,45,1,95.73361082,4442.418314
3,45,2,60.18562535,1641.878891
3,45,3,105.6919875,2124.707596
3,45,4,122.0129032,3111.23871
3,45,5,156.2788762,5176.763788
3,45,6,114.6172043,2494.578495
3,45,7,123.421436,2671.127992
3,45,8,137.9729448,3770.156087
3,45,9,134.3827957,4205.047312
3,45,10,153.8335068,5394.815817
3,45,11,146.4473118,5360.692473
3,45,12,112.0978148,3088.844953
3,47,1,61.24869927,2643.790323
3,47,2,46.15732881,1289.439728
3,47,3,71.07960458,1362.924037
3,47,4,77.95967742,1647.287634
3,47,5,100.2757544,3178.566597
3,47,6,81.42741935,1779.626344
3,47,7,71.18626431,1682.526015
3,47,8,89.95057232,2473.376691
3,47,9,81.8172043,2381.94086
3,47,10,101.5504683,3247.489594
3,47,11,92.29032258,2653.365591
3,47,12,89.18574402,2409.016649
4,29,1,47.68990635,816.503642
4,29,2,37.9598189,693.4125637
4,29,3,73.12955255,1104.890739
4,29,4,95.91935484,1520.489247
4,29,5,77.97346514,1148.374089
4,29,6,84.83064516,1317.150538
4,29,7,92.38293444,1328.990635
4,29,8,82.24765869,1381.318939
4,29,9,86.80376344,1475.948925
4,29,10,119.6878252,2052.866805
4,29,11,87.49193548,1508.948925
4,29,12,102.0733611,1655.74922
5,45,1,156.3397503,6662.434964
5,45,2,86.32427844,2610.200905
5,45,3,142.8485952,3423.32206
5,45,4,161.6666667,4386.357527
5,45,5,225.5775234,8134.336629
5,45,6,145.1236559,3903.58871
5,45,7,136.3501561,3680.561915
5,45,8,188.8007284,6195.205515
5,45,9,141.7016129,4828.534946
5,45,10,214.8985432,7595.08845
5,45,11,191.9032258,7285
5,45,12,184.8126951,5603.363684
5,47,1,153.2715921,7394.439646
5,47,2,87.13582343,3420.713073
5,47,3,143.0041623,4372.03486
5,47,4,155.8064516,5074.014516
5,47,5,238.6841831,11010.60718
5,47,6,176.4354839,5606.767742
5,47,7,137.3662851,4411.617066
5,47,8,193.9354839,7145.03538
5,47,9,160.2241935,5882.717742
5,47,10,253.7466181,10465.3923
5,47,11,190.3532258,7421.470968
5,47,12,187.7575442,6984.165453
6,47,1,90.78563996,3905.26795
6,47,2,44.03791737,1342.840973
6,47,3,76.14984391,1689.448491
6,47,4,80.11827957,1998.467742
6,47,5,119.3262227,4992.960458
6,47,6,88.79301075,2362.771505
6,47,7,70.02861602,1737.120187
6,47,8,101.628512,2905.777836
6,47,9,82.75537634,2703.814516
6,47,10,135.0858481,4855.754422
6,47,11,91.92473118,3041.483871
6,47,12,89.3496358,2786.886056
7,36,1,62.5182102,1198.495317
7,36,2,48.25806452,806.786644
7,36,3,94.36628512,1408.969823
7,36,4,102.3483871,1445.062366
7,36,5,137.0884495,1924.453694
7,36,6,172.6795699,2603.668817
7,36,7,84.22060354,1360.245578
7,36,8,90.58896982,1762.422477
7,36,9,100.8473118,1697.922581
7,36,10,167.346514,3374.133195
7,36,11,151.8301075,3079.36129
7,36,12,194.2185224,3328.289282
8,47,1,67.68990635,2155.76743
8,47,2,48.28805886,1222.235427
8,47,3,75.72320499,1409.05307
8,47,4,81.31989247,1632.013441
8,47,5,113.3532778,3364.916753
8,47,6,85.31182796,1729.155914
8,47,7,69.55254943,1508.028096
8,47,8,90.73361082,2384.986993
8,47,9,78.5188172,2033.021505
8,47,10,115.8376691,3457.957856
8,47,11,90.21236559,2472.704301
8,47,12,90.04162331,2288.82154
9,45,1,219.0811655,5622.836629
9,45,2,165.5942275,3410.329372
9,45,3,282.1186264,4439.175858
9,45,4,329.5290323,5785.829032
9,45,5,331.4921956,5029.865245
9,45,6,307.7483871,5071.875806
9,45,7,298.549948,4875.040583
9,45,8,341.9734651,6669.89282
9,45,9,358.6370968,7560.998387
9,45,10,346.7793965,8063.503642
9,45,11,403.8887097,10189.40645
9,45,12,343.9729448,7205.002601
9,46,1,289.1113424,9701.783039
9,46,2,194.7555178,5530.570458
9,46,3,351.3199792,6875.327263
9,46,4,437.2854839,10051.24194
9,46,5,509.8595213,9634.396982
9,46,6,434.4725806,9233.753226
9,46,7,362.814256,7837.222164
9,46,8,431.4209157,10607.20395
9,46,9,454.5129032,12384.87742
9,46,10,501.4932362,15076.923
9,46,11,478.0032258,15625.3871
9,46,12,424.7091571,10715.74714
11,36,1,43.41103018,1949.781478
11,36,2,55.37521222,2272.215054
11,36,3,108.7492196,3846.270552
11,36,4,86.02580645,3007.692473
11,36,5,90.8074922,2938.543184
11,36,6,110.8666667,4011.858065
11,36,7,91.00728408,3694.622268
11,36,8,101.1009365,4729.471384
11,36,9,85.71397849,3694.406452
11,36,10,95.28407908,3710.51821
11,36,11,180.0172043,9709.15914
11,36,12,143.8647242,6648.362123
12,36,1,87.47554631,2035.575442
12,36,2,72.01810979,1772.500283
12,36,3,143.9334027,2856.085328
12,36,4,128.083871,2486.311828
12,36,5,130.9281998,2888.420395
12,36,6,151.0817204,3471.815054
12,36,7,113.8085328,2391.483871
12,36,8,147.8855359,3508.670135
12,36,9,131.0215054,3243.445161
12,36,10,180.8824142,4496.834547
12,36,11,205.4709677,5454.636559
12,36,12,214.5265349,4786.451613
13,23,1,91.09261186,1465.683663
13,23,2,74.68251273,1189.983022
13,23,3,182.7950052,1620.447451
13,23,4,169.1354839,1632.52043
13,23,5,176.541103,1846.112383
13,23,6,175.6645161,1879.219355
13,23,7,165.8439126,2351.078044
13,23,8,163.2174818,2414.613944
13,23,9,153.1419355,2296.52043
13,23,10,249.0551509,3548.412071
13,23,11,231.5311828,3614.075269
13,23,12,208.7034339,3370.412071
14,30,1,92.76274714,2780.92872
14,30,2,79.91794001,1910.138653
14,30,3,141.8652445,2445.03642
14,30,4,155.3790323,2904.72043
14,30,5,206.4203954,4230.710198
14,30,6,155.5295699,3340.723118
14,30,7,95.5541103,1940.66077
14,30,8,132.5780437,2909.123309
14,30,9,209.5107527,6733.86828
14,30,10,131.2955255,3373.603018
14,30,11,239.4435484,8120.827957
14,30,12,212.0655567,5019.594173
15,46,1,139.8397503,5987.479709
15,46,2,58.34974533,2128.332767
15,46,3,106.5452653,2406.399584
15,46,4,178.6021505,4648.797849
15,46,5,223.4380853,4936.041623
15,46,6,154.8107527,3771.84086
15,46,7,131.0093652,3212.251821
15,46,8,174.0104058,5093.103018
15,46,9,166.1548387,5486.967742
15,46,10,171.2362123,6371.288241
15,46,11,174.0602151,7594.522581
15,46,12,182.9864724,5602
16,2,1,44.85171696,2025.634755
16,2,2,38.36162988,1335.89983
16,2,3,76.75338189,2094.497919
16,2,4,75.33064516,2231.142473
16,2,5,81.09001041,2781.836629
16,2,6,74.56451613,2206.833333
16,2,7,74.89073881,2140.868887
16,2,8,97.89281998,3317.869407
16,2,9,100.688172,3727.610215
16,2,10,80.07544225,2871.576483
16,2,11,133.7983871,7300.139785
16,2,12,100.0104058,3714.682622
17,23,1,59.80489074,637.0447451
17,23,2,55.81777023,601.1771364
17,23,3,100.3277836,731.4490114
17,23,4,101.8924731,882.6962366
17,23,5,102.10718,957.2684703
17,23,6,113.3494624,1031.362903
17,23,7,112.6612903,1292.658689
17,23,8,108.4391259,1319.96358
17,23,9,110.3413978,1369.064516
17,23,10,130.8532778,1466.391779
17,23,11,142.7150538,1643.451613
17,23,12,127.1956296,1368.59001
18,46,1,148.1498439,6539.125911
18,46,2,69.37860781,2467.499717
18,46,3,129.0509886,3149.438085
18,46,4,188.6086022,5474.688172
18,46,5,238.1852237,6630.049948
18,46,6,185.4215054,5148.709677
18,46,7,154.1893861,4146.522373
18,46,8,198.364204,6050.029136
18,46,9,188.1956989,6454.129032
18,46,10,183.8563996,7225.972945
18,46,11,203.2494624,9245.623656
18,46,12,167.7294485,5134.636837
19,2,1,201.0353798,2907.468783
19,2,2,160.6593096,1826.083758
19,2,3,231.1602497,2770.665973
19,2,4,233.6021505,2610.177419
19,2,5,302.7549428,3218.818939
19,2,6,267.6666667,3023.478495
19,2,7,199.8413111,2247.830385
19,2,8,293.7174818,4342.458377
19,2,9,237.0376344,3296.072581
19,2,10,198.6290323,2746.40999
19,2,11,439.6908602,9642.596774
19,2,12,397.6873049,5664.211759
19,30,1,150.512487,2039.96358
19,30,2,109.5897001,1342.382569
19,30,3,164.7658689,1800.026015
19,30,4,142.8172043,1529.260753
19,30,5,206.4073881,2279.862123
19,30,6,179.3064516,2455.69086
19,30,7,107.8616025,1363.147763
19,30,8,156.4594173,2308.831946
19,30,9,150.6236559,2031.650538
19,30,10,111.4151925,1725.770031
19,30,11,257.3817204,4819.516129
19,30,12,267.1488033,4187.853798
19,32,1,75.09469303,1262.595213
19,32,2,73.07979626,1117.749859
19,32,3,132.2851197,2146.949011
19,32,4,117.2774194,1833.535484
19,32,5,146.3184183,1994.924037
19,32,6,132.9526882,1828.447312
19,32,7,112.0041623,1601.506764
19,32,8,191.6899063,3717.579605
19,32,9,129.7849462,2030.703226
19,32,10,211.2695109,4837.030177
19,32,11,188.6344086,4563.776344
19,32,12,166.5848075,2706.245578
20,46,1,136.8470343,4094.326223
20,46,2,62.62026033,1906.329938
20,46,3,113.2023933,2389.138918
20,46,4,164.6532258,3947.41129
20,46,5,205.5723205,4711.436004
20,46,6,153.3897849,3688.223118
20,46,7,134.4979188,2788.844953
20,46,8,203.0619147,4344.380853
20,46,9,169.4784946,4413.268817
20,46,10,169.2689906,5250.920916
20,46,11,177.3978495,5801.255376
20,46,12,144.3938606,3532.562435
21,2,1,43.30385016,1736.077003
21,2,2,38.41256367,1196.273345
21,2,3,73.92039542,2106.0718
21,2,4,79.69354839,2486.322581
21,2,5,99.74505723,3810.447451
21,2,6,79.97311828,2700.602151
21,2,7,75.5723205,2203.459938
21,2,8,92.08116545,2966.573881
21,2,9,109.7258065,4468.645161
21,2,10,68.07752341,2394.953174
21,2,11,159.5188172,9227.666667
21,2,12,88.38449532,3166.724766
22,36,1,42.48959417,1322.887617
22,36,2,33.49745331,1079.397284
22,36,3,85.89229969,1720.959938
22,36,4,77.9811828,1568.198925
22,36,5,88.32466181,1963.639438
22,36,6,123.7150538,2309.997312
22,36,7,70.33558793,1483.623829
22,36,8,82.26066597,2045.400624
22,36,9,71.48924731,1701.459677
22,36,10,89.09729448,2756.969303
22,36,11,103.188172,3228.271505
22,36,12,125.3511967,3517.289282
23,13,1,69.12851197,1290.876691
23,13,2,57.02603282,1065.947934
23,13,3,146.2382934,1452.908429
23,13,4,132.4193548,1493.836022
23,13,5,128.6316337,1617.934443
23,13,6,135.6532258,1625.827957
23,13,7,123.9438085,2023.022893
23,13,8,127.0109261,2171.914672
23,13,9,120.7903226,2032.97043
23,13,10,270.6477627,4337.796566
23,13,11,170.4408602,3095.341398
23,13,12,165.1040583,3217.528616
23,25,1,143.3194589,4632.016649
23,25,2,87.47255235,3063.160158
23,25,3,322.326743,6073.746098
23,25,4,363.7354839,5617.253763
23,25,5,543.7710718,8300.899063
23,25,6,249.2129032,5180.434409
23,25,7,73.83975026,2567.59001
23,25,8,111.685744,3338.557752
23,25,9,88.43225806,3062.098925
23,25,10,659.3236212,19853.81894
23,25,11,227.3268817,6525.737634
23,25,12,757.3048907,20253.87513
25,23,1,220.4474506,3455.506764
25,23,2,86.508206,1652.169779
25,23,3,282.9344433,3363.648283
25,23,4,341.0494624,3419.668817
25,23,5,619.9021852,5649.23205
25,23,6,399.0129032,4495.963441
25,23,7,81.99791883,1687.600416
25,23,8,109.9105099,1878.077003
25,23,9,68.15913978,1514.694624
25,23,10,532.9094693,10056.96358
25,23,11,247.8924731,4478.649462
25,23,12,651.2091571,9528.647242
26,46,1,98.50416233,2765.652966
26,46,2,74.51329938,1737.931522
26,46,3,129.9739854,1912.713319
26,46,4,160.4650538,2735.989247
26,46,5,155.1690947,2321.680541
26,46,6,153.0752688,2366.919355
26,46,7,139.8543184,2572.622268
26,46,8,166.8236212,3633.717482
26,46,9,178.6075269,4091.056452
26,46,10,200.1222685,5585.793444
26,46,11,189.2043011,4818.596774
26,46,12,159.1103018,3608.740895
27,36,1,37.8251821,1923.514568
27,36,2,48.79739672,2450.594228
27,36,3,98.11654527,4470.593132
27,36,4,81.47580645,3996.032258
27,36,5,95.39542144,4484.32102
27,36,6,115.9435484,5635.790323
27,36,7,84.18574402,5154.409469
27,36,8,73.85015609,5007.497399
27,36,9,62.16397849,4083.180108
27,36,10,59.73204995,3157.434964
27,36,11,146.3360215,12119.49731
27,36,12,114.9115505,7579.721644
28,45,1,87.79604579,3138.795005
28,45,2,77.38087153,2345.566497
28,45,3,113.2174818,2989.488033
28,45,4,128.0494624,3338.901075
28,45,5,133.9334027,4274.066597
28,45,6,121.488172,3102.356989
28,45,7,138.3309053,3636.133195
28,45,8,145.0863684,4280.863684
28,45,9,148.3075269,4594.83871
28,45,10,141.0489074,4682.308012
28,45,11,175.4924731,6262.896774
28,45,12,161.2299688,4461.850156
28,47,1,66.62851197,1883.707076
28,47,2,76.3582343,1535.33107
28,47,3,121.6753382,2013.355879
28,47,4,119.061828,2207.163978
28,47,5,133.5223725,2686.108221
28,47,6,127.9865591,2445.954301
28,47,7,126.0301769,2425.606139
28,47,8,139.0452653,3084.03486
28,47,9,107.7553763,2577.158602
28,47,10,105.996358,2774.326223
28,47,11,140.9166667,3406.938172
28,47,12,175.2939646,3780.465661
30,2,1,82.77211238,3662.634755
30,2,2,72.04301075,2885.620826
30,2,3,145.6628512,3096.022893
30,2,4,156.7612903,3567.780645
30,2,5,176.4557752,3918.759625
30,2,6,158.5290323,3358.223656
30,2,7,127.8792924,3916.118626
30,2,8,163.635796,5452.247659
30,2,9,165.3892473,6133.982796
30,2,10,137.0280957,4928.705515
30,2,11,178.2473118,7514.07957
30,2,12,206.012487,8137.315297
30,14,1,67.6566077,2941.802289
30,14,2,65.39898132,2356.554612
30,14,3,117.1009365,2707.562955
30,14,4,166.2451613,5031.993548
30,14,5,175.4151925,5008.584807
30,14,6,110.8215054,2257.11828
30,14,7,71.16753382,1749.691988
30,14,8,110.7471384,3196.786681
30,14,9,199.7526882,10092.17204
30,14,10,141.4422477,5139.263267
30,14,11,188.3784946,8009.378495
30,14,12,185.3631634,6561.854318
31,2,1,245.2299688,4556.187305
31,2,2,178.811545,2512.584041
31,2,3,280.4703434,2846.786681
31,2,4,258.8365591,2838.529032
31,2,5,300.7117586,3692.89282
31,2,6,226.7913978,2670.270968
31,2,7,127.2341311,1680.332986
31,2,8,166.0874089,2633.845994
31,2,9,218.4451613,4611.741935
31,2,10,362.7596254,5510.095734
31,2,11,399.9225806,7066.292473
31,2,12,462.6451613,6496.347555
32,19,1,60.24765869,1129.719043
32,19,2,54.97453311,924.2648557
32,19,3,91.66909469,1589.456816
32,19,4,87.66236559,1452.909677
32,19,5,110.2310094,1653.44641
32,19,6,111.1763441,1636.55914
32,19,7,93.47970864,1453.895942
32,19,8,129.710718,2426.543184
32,19,9,111.9870968,1899.460215
32,19,10,106.8407908,1872.836629
32,19,11,158.2903226,3480.419355
32,19,12,134.7950052,2402.834547
33,46,1,115.3121748,2302.978668
33,46,2,57.44482173,1033.921902
33,46,3,96.62851197,1210.41103
33,46,4,132.422043,2110.408602
33,46,5,166.0978148,2054.552549
33,46,6,151.0215054,2106.704301
33,46,7,110.4188345,1590.809053
33,46,8,152.7237253,2357.10718
33,46,9,165.2231183,2825.704301
33,46,10,154.5447451,2765.936524
33,46,11,179.8467742,4290.169355
33,46,12,114.8699272,1711.901665
34,45,1,236.5530697,4548.098335
34,45,2,114.2840973,1893.064516
34,45,3,163.1867846,2091.748179
34,45,4,308.9408602,4635.825269
34,45,5,277.1123829,3010.317378
34,45,6,201.327957,2659.298387
34,45,7,189.516129,2606.615505
34,45,8,272.3283039,4105.101457
34,45,9,274.8951613,5595.352151
34,45,10,294.2039542,5159.336629
34,45,11,283.1666667,5239.502688
34,45,12,391.1602497,6845.819459
35,46,1,171.3402706,7910.988554
35,46,2,91.86417657,3572.955291
35,46,3,163.5421436,3910.42872
35,46,4,235.0064516,6746.888172
35,46,5,259.9667014,5534.80333
35,46,6,246.7827957,6261.094624
35,46,7,188.9698231,5553.764828
35,46,8,239.8938606,7938.603538
35,46,9,244.7591398,8574.896774
35,46,10,269.8085328,10517.84391
35,46,11,304.5763441,13916.09032
35,46,12,204.5764828,6373.479709
36,7,1,58.61186264,1847.898023
36,7,2,50.19354839,1352.090549
36,7,3,104.0062435,2001.756504
36,7,4,122.627957,2475.623656
36,7,5,145.2008325,3467.23205
36,7,6,165.5870968,3920.105376
36,7,7,89.09677419,2481.402706
36,7,8,103.6378772,2825.038502
36,7,9,123.5698925,3173.834409
36,7,10,142.8574402,4197.421436
36,7,11,156.5010753,4402.851613
36,7,12,198.6805411,4973.003122
36,11,1,43.16545265,2017.346514
36,11,2,61.58460668,3084.96661
36,11,3,163.3798127,7081.084287
36,11,4,107.6989247,4625.965591
36,11,5,95.3132154,3370.9282
36,11,6,114.7956989,4334.905376
36,11,7,76.5057232,2574.720083
36,11,8,107.3173777,5735.562955
36,11,9,78.11827957,3034.819355
36,11,10,218.7055151,14685.42976
36,11,11,260.5462366,17217.5957
36,11,12,135.2112383,5515.787721
36,12,1,67.22580645,2303.879292
36,12,2,54.61686474,1797.668364
36,12,3,113.5379813,2669.92924
36,12,4,92.73763441,2145.027957
36,12,5,85.7648283,2241.542144
36,12,6,130.9784946,3379.645161
36,12,7,91.75442248,2410.332986
36,12,8,128.1727367,3660.632674
36,12,9,120.2580645,3220.88172
36,12,10,129.0135276,3799.540062
36,12,11,160.3784946,4855.015054
36,12,12,175.8418314,4728.869927
36,22,1,43.55098855,1792.872008
36,22,2,34.15110357,1436.703452
36,22,3,83.52757544,1881.779396
36,22,4,76.45430108,1810.709677
36,22,5,82.08376691,1979.96358
36,22,6,101.4032258,2472.392473
36,22,7,72.86940687,2139.292404
36,22,8,82.97086368,2344.549948
36,22,9,70.5672043,2084.908602
36,22,10,85.34079084,2705.603538
36,22,11,97.13709677,3512.959677
36,22,12,106.7663892,3677.656087
36,27,1,27.49843913,1739.802289
36,27,2,40.92586304,2906.895303
36,27,3,104.805411,5594.462019
36,27,4,107.1204301,6494.608602
36,27,5,83.73361082,4405.57128
36,27,6,88.61935484,4321.56129
36,27,7,53.06971904,2796.859521
36,27,8,60.46618106,4618.591051
36,27,9,41.57204301,2358.365591
36,27,10,131.3506764,13997.44017
36,27,11,187.2989247,17823.13763
36,27,12,71.20291363,4465.596254
36,37,1,6.463579605,419.4895942
36,37,2,95.59083192,5564.870968
36,37,3,13.40166493,519.7055151
36,37,4,8.932258065,280.9758065
36,37,5,8.299167534,200.3038502
36,37,6,9.862903226,231.6403226
36,37,7,5.744016649,143.7377732
36,37,8,7.446930281,324.4667014
36,37,9,4.820967742,161.8419355
36,37,10,16.43756504,1229.728408
36,37,11,21.32096774,1334.074194
36,37,12,10.17221644,359.1727367
36,41,1,488.6368366,12811.81686
36,41,2,290.5625354,7920.21279
36,41,3,394.074922,5903.390219
36,41,4,508.5096774,7698.56129
36,41,5,757.7294485,11904.00208
36,41,6,796.455914,14226.35914
36,41,7,185.8834547,4720.220604
36,41,8,96.93652445,3280.158169
36,41,9,138.283871,3900.804301
36,41,10,214.5202914,5769.413111
36,41,11,325.7376344,8126.408602
36,41,12,955.5712799,25453.16129
37,36,1,4,100.917794
37,36,2,54.51046972,759.4046406
37,36,3,7.058272633,164.6826223
37,36,4,5.079569892,111.2817204
37,36,5,5.772112383,107.9771072
37,36,6,7.690322581,161.1258065
37,36,7,5.440166493,132.5348595
37,36,8,4.481789802,146.9448491
37,36,9,4.206451613,111.7817204
37,36,10,4.540062435,110.937565
37,36,11,11.95376344,416.5301075
37,36,12,8.981269511,266.6087409
38,36,1,34.54734651,983.9958377
38,36,2,41.85625354,1053.163554
38,36,3,83.79032258,2010.153486
38,36,4,60.88978495,1296.827957
38,36,5,67.5,1261.277315
38,36,6,84.88172043,1803.080645
38,36,7,61.61290323,1357.809573
38,36,8,71.86004162,2173.896982
38,36,9,56.64247312,1521.553763
38,36,10,60.87148803,1565.580125
38,36,11,129.7768817,5370
38,36,12,86.20967742,2319.62539
39,45,1,166.5140479,1576.220604
39,45,2,139.1488398,1106.62592
39,45,3,213.1841831,1470.020812
39,45,4,217.3010753,1698.619355
39,45,5,194.7991675,1367.565036
39,45,6,204.2946237,1416.305376
39,45,7,226.8532778,1458.451613
39,45,8,269.8917794,2002.551509
39,45,9,249.9419355,1991.243011
39,45,10,314.2705515,2477.440166
39,45,11,273.3354839,2608.664516
39,45,12,338.930281,2314.066597
40,2,1,137.2049948,4077.404787
40,2,2,110.2207131,2814.139219
40,2,3,176.6451613,4176.919875
40,2,4,194.2537634,4734.16129
40,2,5,230.3787721,6078.634755
40,2,6,226.8451613,5874.126882
40,2,7,162.3579605,4088.986472
40,2,8,190.2851197,5299.633715
40,2,9,196.1397849,5413.946237
40,2,10,135.5816857,4207.508845
40,2,11,446.3784946,24929.0172
40,2,12,275.6961498,8976.826223
41,36,1,436.1602497,4864.043704
41,36,2,236.2942841,2456.75382
41,36,3,350.7575442,2329.292404
41,36,4,403.4408602,2785.339785
41,36,5,670.3975026,4318.278876
41,36,6,801.9569892,5628.354839
41,36,7,205.7898023,1740.570239
41,36,8,76.71592092,942.640999
41,36,9,90.86236559,1101.886022
41,36,10,216.1165453,2298.328824
41,36,11,248.3548387,2664.550538
41,36,12,664.8574402,6282.014568
42,45,1,124.3787721,2176.447451
42,45,2,106.8545557,1926.170911
42,45,3,165.069719,2231.712799
42,45,4,240.5311828,4038.043011
42,45,5,218.3995838,2838.582726
42,45,6,157.9505376,1797.978495
42,45,7,149.78564,1817.664932
42,45,8,171.9334027,2527.473465
42,45,9,192.0344086,3116.208602
42,45,10,249.3340271,4252.557752
42,45,11,236.6860215,4437.410753
42,45,12,265.1009365,3935.136316
43,47,1,122.6056191,5708.058273
43,47,2,72.79230334,2222.327108
43,47,3,106.0811655,2471.144641
43,47,4,104.0494624,2860.95914
43,47,5,153.3028096,5654.03538
43,47,6,129.2473118,3589.402151
43,47,7,90.50364204,2358.990635
43,47,8,135.7544225,4541.454735
43,47,9,95.61935484,3290.698925
43,47,10,142.603538,5471.600416
43,47,11,120.888172,4259.094624
43,47,12,156.3309053,4529.458897
44,45,1,94.83350676,2043.675858
44,45,2,76.16864743,1182.108093
44,45,3,111.1706556,1443.566597
44,45,4,145.2177419,2263.185484
44,45,5,150.6113424,2131.688345
44,45,6,134.9973118,2065.776882
44,45,7,122.5312175,1815.348595
44,45,8,154.0920916,2511.735172
44,45,9,148.4489247,2671.930108
44,45,10,155.5515088,2850.82206
44,45,11,190.9301075,4528.172043
44,45,12,147.8485952,2463.171176
44,46,1,135.8772112,6434.601457
44,46,2,78.24108659,3100.835314
44,46,3,127.9292404,3613.504683
44,46,4,172.7870968,5793.217204
44,46,5,205.5567118,6017.604579
44,46,6,202.3827957,6359.180645
44,46,7,175.2924037,5319.252862
44,46,8,226.8345473,7567.248699
44,46,9,227.5526882,8625.412903
44,46,10,215.6711759,8426.543184
44,46,11,250.7462366,11420.83226
44,46,12,174.7700312,5938.994797
45,3,1,99.29032258,7509.198751
45,3,2,63.16694963,2012.536503
45,3,3,109.0551509,2840.973985
45,3,4,129.9376344,3930.412903
45,3,5,141.1175858,6249.042664
45,3,6,117.3913978,3050.853763
45,3,7,106.2830385,2707.78564
45,3,8,146.2226847,5315.523413
45,3,9,140.2258065,6818.251613
45,3,10,200.7700312,9586.53486
45,3,11,112.2107527,4191.094624
45,3,12,136.0541103,5410.85744
45,5,1,129.3418314,8410.751821
45,5,2,94.762309,3304.267119
45,5,3,156.5556712,4528.629032
45,5,4,175.8817204,5791.336022
45,5,5,175.5098855,8370.140479
45,5,6,144.4462366,4224.217742
45,5,7,116.8496358,3275.260146
45,5,8,188.5900104,7571.719563
45,5,9,134.0564516,5690.760753
45,5,10,272.7705515,13796.64672
45,5,11,162.4086022,5930.263441
45,5,12,232.4817898,9803.769511
45,9,1,187.3735692,5490.437045
45,9,2,167.1494058,3811.329372
45,9,3,276.5790843,5136.162331
45,9,4,332.6354839,6435.132258
45,9,5,302.9079084,4965.827263
45,9,6,287.8516129,5122.604839
45,9,7,264.7382934,4672.972945
45,9,8,341.6472425,7785.797607
45,9,9,341.883871,8454.964516
45,9,10,420.5026015,12240.40739
45,9,11,340.8209677,8367.493548
45,9,12,397.7793965,9957.739854
45,28,1,140.0770031,8307.521332
45,28,2,116.7832484,5197.335597
45,28,3,189.5026015,6566.516129
45,28,4,194.1182796,7053.053763
45,28,5,188.8491155,8228.901145
45,28,6,184.5655914,6060.636559
45,28,7,189.4505723,6558.976067
45,28,8,221.0988554,8541.762747
45,28,9,238.5290323,9917.675269
45,28,10,263.685744,12879.40895
45,28,11,228.4795699,9129.673118
45,28,12,258.3808533,10144.66805
45,34,1,138.2700312,2897.744537
45,34,2,105.9847199,2036.598755
45,34,3,199.8335068,3371.084807
45,34,4,320.9166667,4769.448925
45,34,5,251.1680541,3139.591571
45,34,6,188.7258065,2805.443548
45,34,7,162.3829344,2561.316337
45,34,8,300.9443288,6023.314256
45,34,9,284.077957,6711.827957
45,34,10,315.4188345,7332.851197
45,34,11,231.3870968,4461.569892
45,34,12,656.8418314,15437.96566
45,39,1,133.1966701,2225.040583
45,39,2,125.6751556,1636.061121
45,39,3,209.9979188,2067.213319
45,39,4,206.8731183,2448.470968
45,39,5,167.2965661,1696.734651
45,39,6,202.9806452,2011.795699
45,39,7,178.8324662,1804.924037
45,39,8,253.2299688,3171.383975
45,39,9,250.5634409,3400.083871
45,39,10,290.3662851,4481.667014
45,39,11,251.3333333,3349.193548
45,39,12,351.7190427,4654.888658
45,42,1,105.648283,2380.293444
45,42,2,111.7396718,2529.281268
45,42,3,174.8740895,3054.366285
45,42,4,278.9978495,6219.176344
45,42,5,192.3933403,2865.546306
45,42,6,157.3483871,2247.944086
45,42,7,134.8824142,2037.96462
45,42,8,184.9989594,3549.17794
45,42,9,188.1354839,4411.294624
45,42,10,280.1061394,7040.330905
45,42,11,197.2645161,4067.845161
45,42,12,331.8584807,6319.64204
45,44,1,83.66545265,2236.259105
45,44,2,77.38822864,1416.267685
45,44,3,125.0416233,1760.988554
45,44,4,157.5241935,2726.448925
45,44,5,141.3761707,2216.227888
45,44,6,137.0134409,2317.545699
45,44,7,127.2528616,1982.565036
45,44,8,162.289282,3081.186264
45,44,9,140.4274194,3185.44086
45,44,10,203.1295525,5753.093132
45,44,11,152.4919355,3622.540323
45,44,12,167.5130073,3354.388658
45,46,1,215.0093652,5417.62539
45,46,2,200.9439728,4383.474816
45,46,3,308.6118626,5021.689906
45,46,4,367.1408602,6526.639785
45,46,5,358.157128,5652.001041
45,46,6,344.0580645,5854.472043
45,46,7,333.7721124,5867.537981
45,46,8,386.6462019,8052.137357
45,46,9,391.0086022,8840.954839
45,46,10,477.2851197,11777.02289
45,46,11,375.7645161,8472.667742
45,46,12,407.2591051,8647.8564
45,47,1,206.7887617,7070.663892
45,47,2,187.5913978,5271.760045
45,47,3,294.6867846,6735.656608
45,47,4,337.8731183,8451.629032
45,47,5,307.6316337,7021.167534
45,47,6,315.5247312,7170.724731
45,47,7,272.8043704,6068.239334
45,47,8,376.3870968,11065.59209
45,47,9,297.3634409,8635.380645
45,47,10,474.7648283,17118.54318
45,47,11,363.4612903,10537.46559
45,47,12,483.7294485,14843.64308
45,48,1,133.9209157,4436.601457
45,48,2,107.2054329,2665.154499
45,48,3,178.4661811,3391.931322
45,48,4,245.344086,5255.172043
45,48,5,224.2122789,4005.140479
45,48,6,207.0064516,3964.956989
45,48,7,159.9958377,3053.83975
45,48,8,230.8990635,5564.368366
45,48,9,223.8064516,6349.434409
45,48,10,318.89282,11756.0437
45,48,11,222.7827957,7310.268817
45,48,12,289.2445369,6922.799168
46,9,1,272.6566077,10434.45421
46,9,2,201.2665535,6198.39219
46,9,3,360.1826223,7924.688866
46,9,4,466.2677419,11876.12258
46,9,5,520.9308012,10707.0718
46,9,6,409.0354839,8937.608065
46,9,7,349.6701353,7936.71384
46,9,8,454.3470343,12672.15921
46,9,9,472.9854839,15104.04194
46,9,10,530.1789802,20242.57024
46,9,11,451.6225806,15652.00323
46,9,12,455.7689906,13687.05827
46,15,1,120.1977107,7248.83871
46,15,2,56.75834748,2691.55631
46,15,3,125.7523413,3998.439126
46,15,4,226.2301075,6966.612903
46,15,5,235.2695109,6535.687825
46,15,6,135.083871,3801.574194
46,15,7,123.10718,3527.067638
46,15,8,182.4973985,7312.547347
46,15,9,192.9247312,8699.490323
46,15,10,215.7460978,13469.44225
46,15,11,161.8086022,8575.690323
46,15,12,272.6056191,14272.47451
46,18,1,131.2632674,9336.405827
46,18,2,66.08488964,3157.172609
46,18,3,138.5889698,4845.579605
46,18,4,226.6129032,8482.165591
46,18,5,237.4172737,8483.952133
46,18,6,166.5354839,5667.210753
46,18,7,137.2819979,4513.300728
46,18,8,196.7408949,8262.39334
46,18,9,195.8193548,9721.843011
46,18,10,222.3246618,15217.58585
46,18,11,177.5978495,10802.28172
46,18,12,208.3100937,9609.155047
46,20,1,124.9791883,5096.324142
46,20,2,67.92303339,2470.919638
46,20,3,125.6425598,3393.12435
46,20,4,194.9973118,5599.045699
46,20,5,210.4734651,5850.858481
46,20,6,144.6801075,3694.543011
46,20,7,136.2148803,3193.30385
46,20,8,208.1659729,5866.209677
46,20,9,185.2365591,6157.741935
46,20,10,211.5842872,9063.402706
46,20,11,163.7553763,6045.637097
46,20,12,200.9469303,6205.824662
46,26,1,90.34859521,2695.569719
46,26,2,71.02999434,1814.329372
46,26,3,131.3319459,1894.006243
46,26,4,165.266129,2688.435484
46,26,5,162.7341311,2352.367326
46,26,6,145.8978495,2275.895161
46,26,7,131.3059313,2436.443809
46,26,8,160.3407908,3638.878772
46,26,9,178.4919355,4308.352151
46,26,10,204.5525494,6406.940687
46,26,11,189.2016129,4847
46,26,12,163.7513007,3904.880333
46,33,1,116.3683663,3451.037981
46,33,2,53.00226372,1199.878325
46,33,3,93.24141519,1455.163892
46,33,4,139.6209677,2596.080645
46,33,5,152.9188345,2193.493757
46,33,6,129.5241935,2047.795699
46,33,7,102.351717,1652.684703
46,33,8,149.9167534,2841.748179
46,33,9,166.5537634,3431.201613
46,33,10,200.2341311,6557.926639
46,33,11,148.4327957,4483.091398
46,33,12,114.6045786,2273.764308
46,35,1,155.0863684,10066.91779
46,35,2,93.62761743,4312.749293
46,35,3,174.2684703,4743.833507
46,35,4,273.9311828,9175.617204
46,35,5,262.0707596,6588.888658
46,35,6,223.2193548,6283.539785
46,35,7,173.8022893,5629.873049
46,35,8,254.2934443,9875.425598
46,35,9,276.344086,11375.14409
46,35,10,357.2799168,21849.83767
46,35,11,274.455914,14183.70323
46,35,12,237.219563,8808.899063
46,44,1,149.7003122,9514.19563
46,44,2,80.3803056,3731.640068
46,44,3,142.8407908,4255.73153
46,44,4,212.5311828,7698.15914
46,44,5,231.3777315,6940.497399
46,44,6,198.8731183,6433.445161
46,44,7,179.2840791,5752.245578
46,44,8,245.8896982,9569.44641
46,44,9,243.1247312,10836.04301
46,44,10,303.6066597,18895.71696
46,44,11,231.4602151,12947.31398
46,44,12,202.842872,8260.770031
46,45,1,212.0062435,5392.695109
46,45,2,189.6649689,4353.875495
46,45,3,287.0790843,4884.638918
46,45,4,352.0505376,6359.275269
46,45,5,354.4568158,5836.664932
46,45,6,317.716129,5605.744086
46,45,7,326.1040583,5852.587929
46,45,8,381.9562955,8236.932362
46,45,9,388.1860215,9186.612903
46,45,10,377.0978148,9792.172737
46,45,11,400.1870968,9188.64086
46,45,12,376.7377732,8537.837669
46,47,1,66.95629553,2060.671176
46,47,2,64.91511036,1571.694963
46,47,3,102.8147763,1795.996358
46,47,4,104.6451613,2021.634409
46,47,5,112.408949,1982.252862
46,47,6,113.3575269,1921.591398
46,47,7,102.9448491,1838.069719
46,47,8,132.2476587,3073.748699
46,47,9,109.9435484,2706.241935
46,47,10,134.5837669,3872.46358
46,47,11,130.5833333,3023.41129
46,47,12,160.0052029,3856.373569
46,48,1,303.7367326,17829.27315
46,48,2,192.3616299,7800.925297
46,48,3,334.7122789,9630.62435
46,48,4,460.9645161,16497.00323
46,48,5,524.0306972,15545.65349
46,48,6,376.5935484,11310.69839
46,48,7,318.383975,9316.066077
46,48,8,440.7377732,16264.98543
46,48,9,468.8387097,19960.74677
46,48,10,534.7554631,30518.85484
46,48,11,458.2145161,24423.10161
46,48,12,454.1971904,16627.83715
47,2,1,77.15140479,2533.420916
47,2,2,68.11544992,1627.068478
47,2,3,122.6040583,2126.906868
47,2,4,126.7446237,2568.47043
47,2,5,134.5655567,2907.528616
47,2,6,125.7903226,2616.5
47,2,7,112.0421436,2269.138918
47,2,8,159.4354839,3940.291363
47,2,9,122.4327957,3057.182796
47,2,10,131.2513007,3682.182622
47,2,11,188.9543011,5550.537634
47,2,12,183.9073881,4989.578564
47,3,1,91.52965661,6307.341311
47,3,2,49.70288625,1618.862479
47,3,3,80.23413111,1690.335588
47,3,4,82.08064516,2002.819892
47,3,5,119.2273673,5016.199272
47,3,6,86.14516129,1916.704301
47,3,7,74.56555671,1849.419875
47,3,8,103.5015609,3369.638398
47,3,9,94.91397849,3623.018817
47,3,10,120.991155,4971.818418
47,3,11,91.03494624,2800.223118
47,3,12,104.1467222,3502.695109
47,5,1,250.9120708,20098.29084
47,5,2,99.68590832,4242.935484
47,5,3,160.3969823,5128.801249
47,5,4,173.9145161,5612.614516
47,5,5,301.6654527,18350.04318
47,5,6,182.7741935,5534.658065
47,5,7,144.1155047,4630.442248
47,5,8,222.2887617,8980.150364
47,5,9,174.7387097,7221.86129
47,5,10,307.4001041,14432.81582
47,5,11,192.0354839,7620.783871
47,5,12,225.3574402,9753.301249
47,6,1,131.5504683,9132.502601
47,6,2,48.02207131,1595.189587
47,6,3,80.99115505,2000.57232
47,6,4,84.83870968,2240.432796
47,6,5,145.842872,8723.985432
47,6,6,80.61290323,2083.836022
47,6,7,69.95577523,1844.328824
47,6,8,112.0005203,3807.913632
47,6,9,92.14784946,3499.712366
47,6,10,151.7689906,6272.140999
47,6,11,85.40322581,2804.919355
47,6,12,102.9890739,3871.776795
47,8,1,80.50208117,3920.689386
47,8,2,44.73401245,1269.867006
47,8,3,73.3975026,1423.371488
47,8,4,75.15591398,1541.478495
47,8,5,118.3792924,4686.716961
47,8,6,72.34139785,1418.86828
47,8,7,60.21331946,1384.669615
47,8,8,87.07075963,2397.840791
47,8,9,74.84946237,2276.075269
47,8,10,117.801769,3884.85692
47,8,11,74.78225806,2091.354839
47,8,12,90.96253902,2637.970864
47,10,1,77.10718002,4861.654527
47,10,2,37.26938314,1199.988681
47,10,3,65.58792924,1632.455775
47,10,4,75.97043011,2151.379032
47,10,5,97.00052029,4127.585848
47,10,6,68.44623656,1769.77957
47,10,7,59.52913632,1615.637357
47,10,8,79.21175858,2781.240895
47,10,9,77.71236559,2948.244624
47,10,10,114.5213319,4558.093132
47,10,11,70.22311828,2282.043011
47,10,12,79.38865765,2725.764828
47,28,1,84.98959417,4477.986472
47,28,2,85.56027165,3214.516129
47,28,3,143.3506764,3977.330905
47,28,4,135.1666667,4142.580645
47,28,5,162.0525494,5369.781478
47,28,6,137.311828,4284.174731
47,28,7,141.1212279,4553.782518
47,28,8,158.8475546,6318.095734
47,28,9,127.8709677,5288.301075
47,28,10,126.1706556,5526.506243
47,28,11,158.2876344,5792.564516
47,28,12,205.0078044,7732.117586
47,30,1,69.03225806,2356.636316
47,30,2,66.44878325,1730.16129
47,30,3,108.1477627,2169.422477
47,30,4,129.6693548,2928.513441
47,30,5,154.6019771,3699.201353
47,30,6,130.9005376,3032.325269
47,30,7,85.18730489,2122.708117
47,30,8,118.5405827,3500.525494
47,30,9,107.155914,3149.083333
47,30,10,117.1097815,3658.030697
47,30,11,182.5806452,6161.599462
47,30,12,174.0348595,5360.715401
47,43,1,204.5265349,15207.72737
47,43,2,86.34069044,3543.624222
47,43,3,108.4099896,3463.377732
47,43,4,117.4215054,3983.382796
47,43,5,174.541103,8182.83871
47,43,6,120.3311828,3959.227957
47,43,7,83.1987513,2747.05307
47,43,8,151.4193548,6481.444329
47,43,9,98.23225806,4174.017204
47,43,10,183.8938606,9793.956296
47,43,11,115.1526882,4875.498925
47,43,12,192.7013528,8024.772112
47,45,1,225.2008325,8140.425598
47,45,2,174.3474816,4914.096208
47,45,3,270.2039542,6024.891779
47,45,4,316.7580645,7750.031183
47,45,5,327.9167534,7995.632674
47,45,6,291.3591398,7005.668817
47,45,7,281.3933403,6408.291363
47,45,8,358.0093652,10340.66909
47,45,9,304.7408602,8906.945161
47,45,10,358.5671176,11998.67742
47,45,11,390.9537634,11983.24409
47,45,12,442.3621228,12976.72633
47,46,1,88.19458897,2787.523413
47,46,2,75.33672892,1704.929259
47,46,3,107.2632674,1945.673777
47,46,4,118.8252688,2266.040323
47,46,5,135.5775234,2490.283559
47,46,6,124.2768817,2316.016129
47,46,7,124.3210198,2501.625911
47,46,8,150.1768991,3734.331426
47,46,9,126.4596774,3133.209677
47,46,10,142.7341311,3953.595213
47,46,11,140.4354839,3554.115591
47,46,12,177.0031217,4209.841311
48,45,1,150.640999,3717.304891
48,45,2,113.5189587,2075.737408
48,45,3,166.8720083,2505.490114
48,45,4,215.1935484,3748.146237
48,45,5,244.6909469,3489.325702
48,45,6,215.083871,3218.535484
48,45,7,182.930281,2707.739854
48,45,8,225.9292404,4202.181061
48,45,9,218.6,4688.604301
48,45,10,229.5941727,5008.847034
48,45,11,274.3763441,8022.473118
48,45,12,250.8595213,4228.847034
48,46,1,293.1602497,13307.90791
48,46,2,170.9864177,6123.865874
48,46,3,292.3922997,7083.636837
48,46,4,367.0193548,10897.43387
48,46,5,482.1040583,12201.47294
48,46,6,392.3419355,10916.9629
48,46,7,319.7403746,8648.601977
48,46,8,412.0957336,12457.91831
48,46,9,430.0387097,14420.21774
48,46,10,394.364204,14228.12435
48,46,11,474.0919355,20458.14516
48,46,12,367.9261186,10776.43548
